GL_ACC,Amt
11010011,100.1242134
11010011,200.6547658
22010011,300.897988
33010011,400.0980877
44010011,500.1321354
55010011,600.4564467
