GL_ACC,Amt
11010011,100.1242134
11010011,200.654765757
33010011,300.89798798
33010011,400.098087686
55010011,600.45744666